time,temperature
2025-08-07 08:32:38.275011,36.22936116844657
2025-08-07 09:32:38.275011,37.114893919699774
2025-08-07 10:32:38.275011,36.87349506477189
2025-08-07 11:32:38.275011,38.62929148390397
2025-08-07 12:32:38.275011,38.11786829446551
2025-08-07 13:32:38.275011,37.455550035842684
2025-08-07 14:32:38.275011,37.46813261081949
2025-08-07 15:32:38.275011,37.221794745228536
2025-08-07 16:32:38.275011,38.33634535783922
2025-08-07 17:32:38.275011,37.769682445241905
2025-08-07 18:32:38.275011,38.664322184623956
2025-08-07 19:32:38.275011,38.062916739334376
2025-08-07 20:32:38.275011,38.64636930107073
2025-08-07 21:32:38.275011,39.1106513334837
2025-08-07 22:32:38.275011,38.55904255469312
2025-08-07 23:32:38.275011,38.07021083422802
2025-08-08 00:32:38.275011,38.94825799447932
2025-08-08 01:32:38.275011,38.42915984484677
2025-08-08 02:32:38.275011,38.64235753233888
2025-08-08 03:32:38.275011,39.03096527786026
2025-08-08 04:32:38.275011,39.80484415118368
2025-08-08 05:32:38.275011,40.34604754904456
2025-08-08 06:32:38.275011,39.106579074956485
2025-08-08 07:32:38.275011,39.839783899181455
2025-08-08 08:32:38.275011,39.35671821513812
2025-08-08 09:32:38.275011,39.53048312000625
2025-08-08 10:32:38.275011,39.123917186582986
2025-08-08 11:32:38.275011,38.538312911921665
2025-08-08 12:32:38.275011,39.1533317057016
2025-08-08 13:32:38.275011,38.98658207719088
2025-08-08 14:32:38.275011,39.989875851676196
2025-08-08 15:32:38.275011,39.19849714438511
2025-08-08 16:32:38.275011,38.4862242232933
2025-08-08 17:32:38.275011,37.622411739648186
2025-08-08 18:32:38.275011,39.15310993042702
2025-08-08 19:32:38.275011,37.80148335493366
2025-08-08 20:32:38.275011,37.12739269115991
2025-08-08 21:32:38.275011,38.21437167647762
2025-08-08 22:32:38.275011,38.205579746121224
2025-08-08 23:32:38.275011,38.14619951905275
2025-08-09 00:32:38.275011,37.262967684255486
2025-08-09 01:32:38.275011,38.15930294932819
2025-08-09 02:32:38.275011,38.356763028955
2025-08-09 03:32:38.275011,38.395384762745685
2025-08-09 04:32:38.275011,38.853164775896005
2025-08-09 05:32:38.275011,37.15763529729645
2025-08-09 06:32:38.275011,37.08731928533172
2025-08-09 07:32:38.275011,36.302435413166776
2025-08-09 08:32:38.275011,37.38034526735092
2025-08-09 09:32:38.275011,37.02773629713533
2025-08-09 10:32:38.275011,36.81548780663307
2025-08-09 11:32:38.275011,37.31782269380179
2025-08-09 12:32:38.275011,36.31631744782841
2025-08-09 13:32:38.275011,37.06543442134487
2025-08-09 14:32:38.275011,37.009508694964666
2025-08-09 15:32:38.275011,36.742081310082035
2025-08-09 16:32:38.275011,35.203535644111234
2025-08-09 17:32:38.275011,36.58739456776721
2025-08-09 18:32:38.275011,36.29314925387802
2025-08-09 19:32:38.275011,34.63896193332372
2025-08-09 20:32:38.275011,35.68080862584281
2025-08-09 21:32:38.275011,36.127587275751196
2025-08-09 22:32:38.275011,34.97678610875933
2025-08-09 23:32:38.275011,34.87382512587465
2025-08-10 00:32:38.275011,34.56556697099762
2025-08-10 01:32:38.275011,36.35044068912146
2025-08-10 02:32:38.275011,34.08685296995234
2025-08-10 03:32:38.275011,34.440517446529576
2025-08-10 04:32:38.275011,35.534619659217405
2025-08-10 05:32:38.275011,35.54700362027238
2025-08-10 06:32:38.275011,34.58223610336028
2025-08-10 07:32:38.275011,34.70467107725714
2025-08-10 08:32:38.275011,35.61991497737275
2025-08-10 09:32:38.275011,35.41280148076994
2025-08-10 10:32:38.275011,35.36262551954437
2025-08-10 11:32:38.275011,35.28685417094077
2025-08-10 12:32:38.275011,35.344506112775605
2025-08-10 13:32:38.275011,34.123425593982304
2025-08-10 14:32:38.275011,34.538923561856926
2025-08-10 15:32:38.275011,35.12106090173839
2025-08-10 16:32:38.275011,34.86776922117614
2025-08-10 17:32:38.275011,35.39290997490901
2025-08-10 18:32:38.275011,36.243246496775804
2025-08-10 19:32:38.275011,35.198002511851726
2025-08-10 20:32:38.275011,35.65478875555919
2025-08-10 21:32:38.275011,35.24313421418023
2025-08-10 22:32:38.275011,36.022007347744
2025-08-10 23:32:38.275011,36.221958373149064
2025-08-11 00:32:38.275011,36.302640533462615
2025-08-11 01:32:38.275011,36.59790677899346
2025-08-11 02:32:38.275011,36.41330445547211
2025-08-11 03:32:38.275011,36.16174741838277
2025-08-11 04:32:38.275011,36.17102507025629
2025-08-11 05:32:38.275011,37.43745793052068
2025-08-11 06:32:38.275011,36.48383882076598
2025-08-11 07:32:38.275011,36.46082083030309
2025-08-11 08:32:38.275011,37.296961224764246
2025-08-11 09:32:38.275011,36.94252374536942
2025-08-11 10:32:38.275011,37.35024908814032
2025-08-11 11:32:38.275011,37.06139100854108
2025-08-11 12:32:38.275011,37.12209860570184
2025-08-11 13:32:38.275011,38.08510085908652
2025-08-11 14:32:38.275011,37.96998861426635
2025-08-11 15:32:38.275011,38.426431284256225
2025-08-11 16:32:38.275011,38.018600745600715
2025-08-11 17:32:38.275011,37.898671875421705
2025-08-11 18:32:38.275011,38.05028708455754
2025-08-11 19:32:38.275011,37.9243357389694
2025-08-11 20:32:38.275011,38.70440808096054
2025-08-11 21:32:38.275011,38.65057614451965
2025-08-11 22:32:38.275011,38.76307065021973
2025-08-11 23:32:38.275011,38.70047173883868
2025-08-12 00:32:38.275011,39.03222004755902
2025-08-12 01:32:38.275011,38.392816172343075
2025-08-12 02:32:38.275011,39.0928350352944
2025-08-12 03:32:38.275011,38.52232531385412
2025-08-12 04:32:38.275011,38.89920088375512
2025-08-12 05:32:38.275011,39.047957989681365
2025-08-12 06:32:38.275011,38.363096929887845
2025-08-12 07:32:38.275011,38.112861244215324
2025-08-12 08:32:38.275011,39.249178243024694
2025-08-12 09:32:38.275011,39.02192089767932
2025-08-12 10:32:38.275011,38.242627106644186
2025-08-12 11:32:38.275011,39.60281461544597
2025-08-12 12:32:38.275011,38.82343108313702
2025-08-12 13:32:38.275011,38.42270632397529
2025-08-12 14:32:38.275011,40.03635318889563
2025-08-12 15:32:38.275011,39.141763787073074
2025-08-12 16:32:38.275011,39.141307271065436
2025-08-12 17:32:38.275011,39.03210950257043
2025-08-12 18:32:38.275011,38.01142833786943
2025-08-12 19:32:38.275011,37.93915970761811
2025-08-12 20:32:38.275011,39.01508786305919
2025-08-12 21:32:38.275011,37.41126041220479
2025-08-12 22:32:38.275011,38.1363866379324
2025-08-12 23:32:38.275011,37.306327093606654
2025-08-13 00:32:38.275011,38.524943206335436
2025-08-13 01:32:38.275011,37.573432467818044
2025-08-13 02:32:38.275011,37.33234962442956
2025-08-13 03:32:38.275011,38.314237182761836
2025-08-13 04:32:38.275011,36.771793406381974
2025-08-13 05:32:38.275011,37.816165937784724
2025-08-13 06:32:38.275011,36.966779716375314
2025-08-13 07:32:38.275011,36.43496661970316
2025-08-13 08:32:38.275011,37.27996626078628
2025-08-13 09:32:38.275011,37.05628172910112
2025-08-13 10:32:38.275011,36.45740226854016
2025-08-13 11:32:38.275011,36.11862251903579
2025-08-13 12:32:38.275011,36.64514354863946
2025-08-13 13:32:38.275011,35.75492087217007
2025-08-13 14:32:38.275011,36.51379834084415
2025-08-13 15:32:38.275011,36.808017822698595
2025-08-13 16:32:38.275011,36.056302719581794
2025-08-13 17:32:38.275011,36.16595444261443
2025-08-13 18:32:38.275011,36.18186342326018
2025-08-13 19:32:38.275011,35.802812192084026
2025-08-13 20:32:38.275011,35.40106606256132
2025-08-13 21:32:38.275011,35.16413074950394
2025-08-13 22:32:38.275011,34.788611600794205
2025-08-13 23:32:38.275011,35.362605121098056
2025-08-14 00:32:38.275011,35.79864383482319
2025-08-14 01:32:38.275011,34.183347405576214
2025-08-14 02:32:38.275011,34.36306053560666
2025-08-14 03:32:38.275011,35.048348973088345
2025-08-14 04:32:38.275011,35.20298348678183
2025-08-14 05:32:38.275011,34.88843918693653
2025-08-14 06:32:38.275011,34.34260379438532
2025-08-14 07:32:38.275011,35.26364015073273
2025-08-14 08:32:38.275011,34.813377772270236
2025-08-14 09:32:38.275011,34.71186167731534
2025-08-14 10:32:38.275011,34.61027113878075
2025-08-14 11:32:38.275011,34.47763100831087
2025-08-14 12:32:38.275011,34.893214764985856
2025-08-14 13:32:38.275011,34.93606114623026
2025-08-14 14:32:38.275011,35.4613314284145
2025-08-14 15:32:38.275011,34.48545183887661
2025-08-14 16:32:38.275011,35.26012990898097
2025-08-14 17:32:38.275011,36.19078897589087
2025-08-14 18:32:38.275011,35.6091249292449
2025-08-14 19:32:38.275011,35.68813222113187
2025-08-14 20:32:38.275011,35.359288791363035
2025-08-14 21:32:38.275011,35.55842502873892
2025-08-14 22:32:38.275011,34.44575148794313
2025-08-14 23:32:38.275011,36.34688470414622
2025-08-15 00:32:38.275011,37.23761360404102
2025-08-15 01:32:38.275011,35.81778266170922
2025-08-15 02:32:38.275011,36.690521718448544
2025-08-15 03:32:38.275011,36.677982936812235
2025-08-15 04:32:38.275011,36.50560299829227
2025-08-15 05:32:38.275011,36.82633691667269
2025-08-15 06:32:38.275011,36.72853693981346
2025-08-15 07:32:38.275011,36.99804460249805
2025-08-15 08:32:38.275011,37.102482968086996
2025-08-15 09:32:38.275011,37.710767399557994
2025-08-15 10:32:38.275011,36.30662204941231
2025-08-15 11:32:38.275011,37.04700879921503
2025-08-15 12:32:38.275011,36.951784727975514
2025-08-15 13:32:38.275011,37.804022252536775
2025-08-15 14:32:38.275011,37.69063021398058
2025-08-15 15:32:38.275011,37.09880236545652
2025-08-15 16:32:38.275011,37.75480486692714
2025-08-15 17:32:38.275011,38.71425563374085
2025-08-15 18:32:38.275011,38.58320848993723
2025-08-15 19:32:38.275011,38.792474818227774
2025-08-15 20:32:38.275011,37.681140530038874
2025-08-15 21:32:38.275011,37.4236251100394
2025-08-15 22:32:38.275011,38.66553091407722
2025-08-15 23:32:38.275011,38.30122082772253
2025-08-16 00:32:38.275011,38.28988985863894
2025-08-16 01:32:38.275011,38.595334844994966
2025-08-16 02:32:38.275011,39.31037617269239
2025-08-16 03:32:38.275011,38.637035456748315
2025-08-16 04:32:38.275011,38.662773364662314
2025-08-16 05:32:38.275011,39.295049193310014
2025-08-16 06:32:38.275011,39.21235037677416
2025-08-16 07:32:38.275011,39.43520441242293
2025-08-16 08:32:38.275011,38.916041363231024
2025-08-16 09:32:38.275011,39.99180734459363
2025-08-16 10:32:38.275011,39.00373628955433
2025-08-16 11:32:38.275011,39.13517606807262
2025-08-16 12:32:38.275011,39.09331031527293
2025-08-16 13:32:38.275011,38.110981409335345
2025-08-16 14:32:38.275011,39.01420877526068
2025-08-16 15:32:38.275011,38.77538173973839
2025-08-16 16:32:38.275011,38.40841073154183
2025-08-16 17:32:38.275011,38.103391188347636
2025-08-16 18:32:38.275011,37.97582575581421
2025-08-16 19:32:38.275011,37.671264537284
2025-08-16 20:32:38.275011,38.66762589919504
2025-08-16 21:32:38.275011,38.61360400856373
2025-08-16 22:32:38.275011,37.56873901715129
2025-08-16 23:32:38.275011,37.45871025219777
2025-08-17 00:32:38.275011,37.331974201293434
2025-08-17 01:32:38.275011,37.592402807174466
2025-08-17 02:32:38.275011,37.555558988913404
2025-08-17 03:32:38.275011,37.80316263862211
2025-08-17 04:32:38.275011,37.78313391528362
2025-08-17 05:32:38.275011,38.118380559474275
2025-08-17 06:32:38.275011,36.968109409031904
2025-08-17 07:32:38.275011,36.28608084984594
2025-08-17 08:32:38.275011,36.56569938749716
2025-08-17 09:32:38.275011,37.033458548495965
2025-08-17 10:32:38.275011,37.04249645430084
2025-08-17 11:32:38.275011,36.79967124207012
2025-08-17 12:32:38.275011,36.91606817719209
2025-08-17 13:32:38.275011,36.79620370508548
2025-08-17 14:32:38.275011,36.22580215786654
2025-08-17 15:32:38.275011,35.15878189746087
2025-08-17 16:32:38.275011,35.35172125568461
2025-08-17 17:32:38.275011,36.56373266565028
2025-08-17 18:32:38.275011,36.39560857740488
2025-08-17 19:32:38.275011,36.522394177050856
2025-08-17 20:32:38.275011,36.42724996381697
2025-08-17 21:32:38.275011,35.632311851820184
2025-08-17 22:32:38.275011,34.96828284009223
2025-08-17 23:32:38.275011,35.10139195680475
2025-08-18 00:32:38.275011,35.65412928562877
2025-08-18 01:32:38.275011,35.057468337259515
2025-08-18 02:32:38.275011,34.611746787354626
2025-08-18 03:32:38.275011,35.07853847592143
2025-08-18 04:32:38.275011,34.5520253740141
2025-08-18 05:32:38.275011,34.46233840961359
2025-08-18 06:32:38.275011,34.056732414353164
2025-08-18 07:32:38.275011,35.05515713110357
2025-08-18 08:32:38.275011,34.78549301761216
2025-08-18 09:32:38.275011,35.02361712043643
2025-08-18 10:32:38.275011,34.877836926444104
2025-08-18 11:32:38.275011,35.63197479199719
2025-08-18 12:32:38.275011,35.10255906515705
2025-08-18 13:32:38.275011,35.17898549367902
2025-08-18 14:32:38.275011,34.77225917900974
2025-08-18 15:32:38.275011,34.85480338965775
2025-08-18 16:32:38.275011,35.13892922280977
2025-08-18 17:32:38.275011,35.15096096391482
2025-08-18 18:32:38.275011,35.53289669606208
2025-08-18 19:32:38.275011,35.50103630459715
2025-08-18 20:32:38.275011,36.205477346085004
2025-08-18 21:32:38.275011,35.34837360286246
2025-08-18 22:32:38.275011,35.63885708770434
2025-08-18 23:32:38.275011,35.807691081006794
2025-08-19 00:32:38.275011,36.4459648347019
2025-08-19 01:32:38.275011,36.403921558196174
2025-08-19 02:32:38.275011,36.423496290572814
2025-08-19 03:32:38.275011,36.80553200458074
2025-08-19 04:32:38.275011,37.140421907764825
2025-08-19 05:32:38.275011,36.66751470485172
2025-08-19 06:32:38.275011,35.84223850568013
2025-08-19 07:32:38.275011,37.00023461024814
